<xml xmlns:o="urn:schemas-microsoft-com:office:office">
 <o:File HRef="pubmaster001.htm"/>
 <o:MainFile HRef="../HOF-website.2.htm"/>
 <o:File HRef="image001.jpg"/>
 <o:File HRef="image002.gif"/>
 <o:File HRef="image003.gif"/>
 <o:File HRef="image004.gif"/>
 <o:File HRef="image005.gif"/>
 <o:File HRef="image006.gif"/>
 <o:File HRef="image007.gif"/>
 <o:File HRef="image008.gif"/>
 <o:File HRef="image009.gif"/>
 <o:File HRef="image010.gif"/>
 <o:File HRef="image011.gif"/>
 <o:File HRef="image012.gif"/>
 <o:File HRef="image013.gif"/>
 <o:File HRef="image014.gif"/>
 <o:File HRef="image015.gif"/>
 <o:File HRef="image016.gif"/>
 <o:File HRef="image017.gif"/>
 <o:File HRef="image018.gif"/>
 <o:File HRef="image019.gif"/>
 <o:File HRef="image020.gif"/>
 <o:File HRef="image021.gif"/>
 <o:File HRef="image022.emz"/>
 <o:File HRef="image023.gif"/>
 <o:File HRef="image024.gif"/>
 <o:File HRef="image025.gif"/>
 <o:File HRef="image026.gif"/>
 <o:File HRef="image027.gif"/>
 <o:File HRef="image028.jpg"/>
 <o:File HRef="image029.jpg"/>
 <o:File HRef="image030.gif"/>
 <o:File HRef="image031.gif"/>
 <o:File HRef="image032.gif"/>
 <o:File HRef="image033.gif"/>
 <o:File HRef="image034.gif"/>
 <o:File HRef="image035.jpg"/>
 <o:File HRef="image036.jpg"/>
 <o:File HRef="image037.gif"/>
 <o:File HRef="image038.jpg"/>
 <o:File HRef="image039.jpg"/>
 <o:File HRef="image040.jpg"/>
 <o:File HRef="image041.jpg"/>
 <o:File HRef="image042.jpg"/>
 <o:File HRef="image043.jpg"/>
 <o:File HRef="image044.gif"/>
 <o:File HRef="image045.gif"/>
 <o:File HRef="image046.gif"/>
 <o:File HRef="image047.gif"/>
 <o:File HRef="image048.gif"/>
 <o:File HRef="image049.gif"/>
 <o:File HRef="image050.jpg"/>
 <o:File HRef="image051.jpg"/>
 <o:File HRef="page0001.htm"/>
 <o:File HRef="image052.gif"/>
 <o:File HRef="image053.gif"/>
 <o:File HRef="image054.png"/>
 <o:File HRef="image055.jpg"/>
 <o:File HRef="image056.gif"/>
 <o:File HRef="image057.wmz"/>
 <o:File HRef="image058.gif"/>
 <o:File HRef="image059.png"/>
 <o:File HRef="image060.jpg"/>
 <o:File HRef="image061.jpg"/>
 <o:File HRef="image062.gif"/>
 <o:File HRef="image063.gif"/>
 <o:File HRef="image064.gif"/>
 <o:File HRef="page0002.htm"/>
 <o:File HRef="image065.gif"/>
 <o:File HRef="image066.gif"/>
 <o:File HRef="image067.gif"/>
 <o:File HRef="image068.gif"/>
 <o:File HRef="image069.gif"/>
 <o:File HRef="image070.gif"/>
 <o:File HRef="image071.gif"/>
 <o:File HRef="page0003.htm"/>
 <o:File HRef="image072.gif"/>
 <o:File HRef="image073.gif"/>
 <o:File HRef="image074.gif"/>
 <o:File HRef="image075.gif"/>
 <o:File HRef="page0004.htm"/>
 <o:File HRef="image076.gif"/>
 <o:File HRef="image077.gif"/>
 <o:File HRef="page0005.htm"/>
 <o:File HRef="image078.gif"/>
 <o:File HRef="image079.gif"/>
 <o:File HRef="image080.gif"/>
 <o:File HRef="page0006.htm"/>
 <o:File HRef="image081.gif"/>
 <o:File HRef="image082.gif"/>
 <o:File HRef="image083.gif"/>
 <o:File HRef="image084.jpg"/>
 <o:File HRef="image085.jpg"/>
 <o:File HRef="image086.png"/>
 <o:File HRef="image087.jpg"/>
 <o:File HRef="image088.gif"/>
 <o:File HRef="image089.jpg"/>
 <o:File HRef="image090.jpg"/>
 <o:File HRef="image091.jpg"/>
 <o:File HRef="image092.jpg"/>
 <o:File HRef="image093.jpg"/>
 <o:File HRef="image094.jpg"/>
 <o:File HRef="image095.jpg"/>
 <o:File HRef="image096.jpg"/>
 <o:File HRef="image097.gif"/>
 <o:File HRef="image098.png"/>
 <o:File HRef="image099.jpg"/>
 <o:File HRef="image100.jpg"/>
 <o:File HRef="image101.jpg"/>
 <o:File HRef="image102.jpg"/>
 <o:File HRef="image103.jpg"/>
 <o:File HRef="image104.gif"/>
 <o:File HRef="image105.gif"/>
 <o:File HRef="page0007.htm"/>
 <o:File HRef="image106.gif"/>
 <o:File HRef="image107.gif"/>
 <o:File HRef="image108.gif"/>
 <o:File HRef="page0008.htm"/>
 <o:File HRef="image109.gif"/>
 <o:File HRef="image110.gif"/>
 <o:File HRef="image111.gif"/>
 <o:File HRef="punused.htm"/>
 <o:File HRef="pdesgal.htm"/>
 <o:File HRef="filelist.xml"/>
</xml>